<?xml version="1.0" encoding="UTF-8"?>
<GenRun Id="synth_1" LaunchPart="xc7a35tcpg236-1" LaunchTime="1717398279">
  <File Type="PA-TCL" Name="RV32I.tcl"/>
  <File Type="RDS-PROPCONSTRS" Name="RV32I_drc_synth.rpt"/>
  <File Type="REPORTS-TCL" Name="RV32I_reports.tcl"/>
  <File Type="RDS-RDS" Name="RV32I.vds"/>
  <File Type="RDS-UTIL" Name="RV32I_utilization_synth.rpt"/>
  <File Type="RDS-UTIL-PB" Name="RV32I_utilization_synth.pb"/>
  <File Type="RDS-DCP" Name="RV32I.dcp"/>
  <File Type="VDS-TIMINGSUMMARY" Name="RV32I_timing_summary_synth.rpt"/>
  <File Type="VDS-TIMING-PB" Name="RV32I_timing_summary_synth.pb"/>
  <FileSet Name="sources" Type="DesignSrcs" RelSrcDir="$PSRCDIR/sources_1" RelGenDir="$PGENDIR/sources_1">
    <Filter Type="Srcs"/>
    <File Path="$PSRCDIR/sources_1/new/BUS_interconntor.sv">
      <FileInfo>
        <Attr Name="UsedIn" Val="synthesis"/>
        <Attr Name="UsedIn" Val="implementation"/>
        <Attr Name="UsedIn" Val="simulation"/>
      </FileInfo>
    </File>
    <File Path="$PSRCDIR/sources_1/imports/new/CPU_Core.sv">
      <FileInfo>
        <Attr Name="ImportPath" Val="$PPRDIR/../0531_RISC_V_TEST/0531_RISC_V_TEST.srcs/sources_1/imports/new/CPU_Core.sv"/>
        <Attr Name="ImportTime" Val="1717152712"/>
        <Attr Name="UsedIn" Val="synthesis"/>
        <Attr Name="UsedIn" Val="implementation"/>
        <Attr Name="UsedIn" Val="simulation"/>
      </FileInfo>
    </File>
    <File Path="$PSRCDIR/sources_1/imports/new/defines.sv">
      <FileInfo>
        <Attr Name="ImportPath" Val="$PPRDIR/../0531_RISC_V_TEST/0531_RISC_V_TEST.srcs/sources_1/imports/new/defines.sv"/>
        <Attr Name="ImportTime" Val="1717376983"/>
        <Attr Name="UsedIn" Val="synthesis"/>
        <Attr Name="UsedIn" Val="implementation"/>
        <Attr Name="UsedIn" Val="simulation"/>
      </FileInfo>
    </File>
    <File Path="$PSRCDIR/sources_1/imports/new/ControlUnit.sv">
      <FileInfo>
        <Attr Name="ImportPath" Val="$PPRDIR/../0531_RISC_V_TEST/0531_RISC_V_TEST.srcs/sources_1/imports/new/ControlUnit.sv"/>
        <Attr Name="ImportTime" Val="1717376983"/>
        <Attr Name="UsedIn" Val="synthesis"/>
        <Attr Name="UsedIn" Val="implementation"/>
        <Attr Name="UsedIn" Val="simulation"/>
      </FileInfo>
    </File>
    <File Path="$PSRCDIR/sources_1/imports/new/DataMemory.sv">
      <FileInfo>
        <Attr Name="ImportPath" Val="$PPRDIR/../0531_RISC_V_TEST/0531_RISC_V_TEST.srcs/sources_1/imports/new/DataMemory.sv"/>
        <Attr Name="ImportTime" Val="1717059699"/>
        <Attr Name="UsedIn" Val="synthesis"/>
        <Attr Name="UsedIn" Val="implementation"/>
        <Attr Name="UsedIn" Val="simulation"/>
      </FileInfo>
    </File>
    <File Path="$PSRCDIR/sources_1/imports/new/DataPath.sv">
      <FileInfo>
        <Attr Name="ImportPath" Val="$PPRDIR/../0531_RISC_V_TEST/0531_RISC_V_TEST.srcs/sources_1/imports/new/DataPath.sv"/>
        <Attr Name="ImportTime" Val="1717378519"/>
        <Attr Name="UsedIn" Val="synthesis"/>
        <Attr Name="UsedIn" Val="implementation"/>
        <Attr Name="UsedIn" Val="simulation"/>
      </FileInfo>
    </File>
    <File Path="$PSRCDIR/sources_1/new/GPO.sv">
      <FileInfo>
        <Attr Name="UsedIn" Val="synthesis"/>
        <Attr Name="UsedIn" Val="implementation"/>
        <Attr Name="UsedIn" Val="simulation"/>
      </FileInfo>
    </File>
    <File Path="$PSRCDIR/sources_1/imports/new/InstructionMemory.sv">
      <FileInfo>
        <Attr Name="ImportPath" Val="$PPRDIR/../0531_RISC_V_TEST/0531_RISC_V_TEST.srcs/sources_1/imports/new/InstructionMemory.sv"/>
        <Attr Name="ImportTime" Val="1717380532"/>
        <Attr Name="UsedIn" Val="synthesis"/>
        <Attr Name="UsedIn" Val="implementation"/>
        <Attr Name="UsedIn" Val="simulation"/>
      </FileInfo>
    </File>
    <File Path="$PSRCDIR/sources_1/imports/new/RV32I.sv">
      <FileInfo>
        <Attr Name="ImportPath" Val="$PPRDIR/../0531_RISC_V_TEST/0531_RISC_V_TEST.srcs/sources_1/imports/new/RV32I.sv"/>
        <Attr Name="ImportTime" Val="1717376981"/>
        <Attr Name="UsedIn" Val="synthesis"/>
        <Attr Name="UsedIn" Val="implementation"/>
        <Attr Name="UsedIn" Val="simulation"/>
      </FileInfo>
    </File>
    <Config>
      <Option Name="DesignMode" Val="RTL"/>
      <Option Name="TopModule" Val="RV32I"/>
      <Option Name="TopAutoSet" Val="TRUE"/>
    </Config>
  </FileSet>
  <FileSet Name="constrs_in" Type="Constrs" RelSrcDir="$PSRCDIR/constrs_1">
    <Filter Type="Constrs"/>
    <File Path="$PSRCDIR/constrs_1/imports/FPGA_KImMinJi/MY_Basys-3-Master.xdc">
      <FileInfo>
        <Attr Name="ImportPath" Val="$PPRDIR/../MY_Basys-3-Master.xdc"/>
        <Attr Name="ImportTime" Val="1715135025"/>
        <Attr Name="UsedIn" Val="synthesis"/>
        <Attr Name="UsedIn" Val="implementation"/>
      </FileInfo>
    </File>
    <Config>
      <Option Name="ConstrsType" Val="XDC"/>
    </Config>
  </FileSet>
  <FileSet Name="utils" Type="Utils" RelSrcDir="$PSRCDIR/utils_1">
    <Filter Type="Utils"/>
    <Config>
      <Option Name="TopAutoSet" Val="TRUE"/>
    </Config>
  </FileSet>
  <Strategy Version="1" Minor="2">
    <StratHandle Name="Vivado Synthesis Defaults" Flow="Vivado Synthesis 2020">
      <Desc>Vivado Synthesis Defaults</Desc>
    </StratHandle>
    <Step Id="synth_design"/>
  </Strategy>
</GenRun>
