<?xml version="1.0" encoding="UTF-8"?>
<GenRun Id="impl_1" LaunchPart="xc7a35tcpg236-1" LaunchTime="1717398279">
  <File Type="BITSTR-BMM" Name="RV32I_bd.bmm"/>
  <File Type="OPT-METHODOLOGY-DRC" Name="RV32I_methodology_drc_opted.rpt"/>
  <File Type="INIT-TIMING" Name="RV32I_timing_summary_init.rpt"/>
  <File Type="ROUTE-PWR" Name="RV32I_power_routed.rpt"/>
  <File Type="PA-TCL" Name="RV32I.tcl"/>
  <File Type="OPT-TIMING" Name="RV32I_timing_summary_opted.rpt"/>
  <File Type="OPT-DCP" Name="RV32I_opt.dcp"/>
  <File Type="ROUTE-PWR-SUM" Name="RV32I_power_summary_routed.pb"/>
  <File Type="REPORTS-TCL" Name="RV32I_reports.tcl"/>
  <File Type="OPT-DRC" Name="RV32I_drc_opted.rpt"/>
  <File Type="OPT-HWDEF" Name="RV32I.hwdef"/>
  <File Type="PWROPT-DCP" Name="RV32I_pwropt.dcp"/>
  <File Type="PWROPT-DRC" Name="RV32I_drc_pwropted.rpt"/>
  <File Type="PWROPT-TIMING" Name="RV32I_timing_summary_pwropted.rpt"/>
  <File Type="PLACE-DCP" Name="RV32I_placed.dcp"/>
  <File Type="PLACE-IO" Name="RV32I_io_placed.rpt"/>
  <File Type="PLACE-CLK" Name="RV32I_clock_utilization_placed.rpt"/>
  <File Type="PLACE-UTIL" Name="RV32I_utilization_placed.rpt"/>
  <File Type="PLACE-UTIL-PB" Name="RV32I_utilization_placed.pb"/>
  <File Type="PLACE-CTRL" Name="RV32I_control_sets_placed.rpt"/>
  <File Type="PLACE-SIMILARITY" Name="RV32I_incremental_reuse_placed.rpt"/>
  <File Type="PLACE-PRE-SIMILARITY" Name="RV32I_incremental_reuse_pre_placed.rpt"/>
  <File Type="PLACE-TIMING" Name="RV32I_timing_summary_placed.rpt"/>
  <File Type="POSTPLACE-PWROPT-DCP" Name="RV32I_postplace_pwropt.dcp"/>
  <File Type="BG-BIN" Name="RV32I.bin"/>
  <File Type="POSTPLACE-PWROPT-TIMING" Name="RV32I_timing_summary_postplace_pwropted.rpt"/>
  <File Type="PHYSOPT-DCP" Name="RV32I_physopt.dcp"/>
  <File Type="PHYSOPT-DRC" Name="RV32I_drc_physopted.rpt"/>
  <File Type="BITSTR-MSK" Name="RV32I.msk"/>
  <File Type="PHYSOPT-TIMING" Name="RV32I_timing_summary_physopted.rpt"/>
  <File Type="ROUTE-ERROR-DCP" Name="RV32I_routed_error.dcp"/>
  <File Type="ROUTE-DCP" Name="RV32I_routed.dcp"/>
  <File Type="ROUTE-BLACKBOX-DCP" Name="RV32I_routed_bb.dcp"/>
  <File Type="ROUTE-DRC" Name="RV32I_drc_routed.rpt"/>
  <File Type="ROUTE-DRC-PB" Name="RV32I_drc_routed.pb"/>
  <File Type="ROUTE-DRC-RPX" Name="RV32I_drc_routed.rpx"/>
  <File Type="BITSTR-MMI" Name="RV32I.mmi"/>
  <File Type="ROUTE-METHODOLOGY-DRC" Name="RV32I_methodology_drc_routed.rpt"/>
  <File Type="ROUTE-METHODOLOGY-DRC-RPX" Name="RV32I_methodology_drc_routed.rpx"/>
  <File Type="ROUTE-METHODOLOGY-DRC-PB" Name="RV32I_methodology_drc_routed.pb"/>
  <File Type="ROUTE-PWR-RPX" Name="RV32I_power_routed.rpx"/>
  <File Type="ROUTE-STATUS" Name="RV32I_route_status.rpt"/>
  <File Type="ROUTE-STATUS-PB" Name="RV32I_route_status.pb"/>
  <File Type="ROUTE-TIMINGSUMMARY" Name="RV32I_timing_summary_routed.rpt"/>
  <File Type="ROUTE-TIMING-PB" Name="RV32I_timing_summary_routed.pb"/>
  <File Type="ROUTE-TIMING-RPX" Name="RV32I_timing_summary_routed.rpx"/>
  <File Type="ROUTE-SIMILARITY" Name="RV32I_incremental_reuse_routed.rpt"/>
  <File Type="ROUTE-CLK" Name="RV32I_clock_utilization_routed.rpt"/>
  <File Type="ROUTE-BUS-SKEW" Name="RV32I_bus_skew_routed.rpt"/>
  <File Type="ROUTE-BUS-SKEW-PB" Name="RV32I_bus_skew_routed.pb"/>
  <File Type="ROUTE-BUS-SKEW-RPX" Name="RV32I_bus_skew_routed.rpx"/>
  <File Type="POSTROUTE-PHYSOPT-DCP" Name="RV32I_postroute_physopt.dcp"/>
  <File Type="POSTROUTE-PHYSOPT-BLACKBOX-DCP" Name="RV32I_postroute_physopt_bb.dcp"/>
  <File Type="POSTROUTE-PHYSOPT-TIMING" Name="RV32I_timing_summary_postroute_physopted.rpt"/>
  <File Type="POSTROUTE-PHYSOPT-TIMING-PB" Name="RV32I_timing_summary_postroute_physopted.pb"/>
  <File Type="POSTROUTE-PHYSOPT-TIMING-RPX" Name="RV32I_timing_summary_postroute_physopted.rpx"/>
  <File Type="POSTROUTE-PHYSOPT-BUS-SKEW" Name="RV32I_bus_skew_postroute_physopted.rpt"/>
  <File Type="POSTROUTE-PHYSOPT-BUS-SKEW-PB" Name="RV32I_bus_skew_postroute_physopted.pb"/>
  <File Type="BG-BIT" Name="RV32I.bit"/>
  <File Type="POSTROUTE-PHYSOPT-BUS-SKEW-RPX" Name="RV32I_bus_skew_postroute_physopted.rpx"/>
  <File Type="BITSTR-RBT" Name="RV32I.rbt"/>
  <File Type="BITSTR-NKY" Name="RV32I.nky"/>
  <File Type="PDI-FILE" Name="RV32I.pdi"/>
  <File Type="RCFI_FILE" Name="RV32I.rcfi"/>
  <File Type="CFI_FILE" Name="RV32I.cfi"/>
  <File Type="RNPI_FILE" Name="RV32I.rnpi"/>
  <File Type="NPI_FILE" Name="RV32I.npi"/>
  <File Type="RBD_FILE" Name="RV32I.rbd"/>
  <File Type="BITSTR-LTX" Name="debug_nets.ltx"/>
  <File Type="BITSTR-LTX" Name="RV32I.ltx"/>
  <File Type="BITSTR-SYSDEF" Name="RV32I.sysdef"/>
  <File Type="BG-BGN" Name="RV32I.bgn"/>
  <File Type="BG-DRC" Name="RV32I.drc"/>
  <File Type="RDI-RDI" Name="RV32I.vdi"/>
  <File Type="WBT-USG" Name="usage_statistics_webtalk.html"/>
  <FileSet Name="sources" Type="DesignSrcs" RelSrcDir="$PSRCDIR/sources_1" RelGenDir="$PGENDIR/sources_1">
    <Filter Type="Srcs"/>
    <File Path="$PSRCDIR/sources_1/new/BUS_interconntor.sv">
      <FileInfo>
        <Attr Name="UsedIn" Val="synthesis"/>
        <Attr Name="UsedIn" Val="implementation"/>
        <Attr Name="UsedIn" Val="simulation"/>
      </FileInfo>
    </File>
    <File Path="$PSRCDIR/sources_1/imports/new/CPU_Core.sv">
      <FileInfo>
        <Attr Name="ImportPath" Val="$PPRDIR/../0531_RISC_V_TEST/0531_RISC_V_TEST.srcs/sources_1/imports/new/CPU_Core.sv"/>
        <Attr Name="ImportTime" Val="1717152712"/>
        <Attr Name="UsedIn" Val="synthesis"/>
        <Attr Name="UsedIn" Val="implementation"/>
        <Attr Name="UsedIn" Val="simulation"/>
      </FileInfo>
    </File>
    <File Path="$PSRCDIR/sources_1/imports/new/defines.sv">
      <FileInfo>
        <Attr Name="ImportPath" Val="$PPRDIR/../0531_RISC_V_TEST/0531_RISC_V_TEST.srcs/sources_1/imports/new/defines.sv"/>
        <Attr Name="ImportTime" Val="1717376983"/>
        <Attr Name="UsedIn" Val="synthesis"/>
        <Attr Name="UsedIn" Val="implementation"/>
        <Attr Name="UsedIn" Val="simulation"/>
      </FileInfo>
    </File>
    <File Path="$PSRCDIR/sources_1/imports/new/ControlUnit.sv">
      <FileInfo>
        <Attr Name="ImportPath" Val="$PPRDIR/../0531_RISC_V_TEST/0531_RISC_V_TEST.srcs/sources_1/imports/new/ControlUnit.sv"/>
        <Attr Name="ImportTime" Val="1717376983"/>
        <Attr Name="UsedIn" Val="synthesis"/>
        <Attr Name="UsedIn" Val="implementation"/>
        <Attr Name="UsedIn" Val="simulation"/>
      </FileInfo>
    </File>
    <File Path="$PSRCDIR/sources_1/imports/new/DataMemory.sv">
      <FileInfo>
        <Attr Name="ImportPath" Val="$PPRDIR/../0531_RISC_V_TEST/0531_RISC_V_TEST.srcs/sources_1/imports/new/DataMemory.sv"/>
        <Attr Name="ImportTime" Val="1717059699"/>
        <Attr Name="UsedIn" Val="synthesis"/>
        <Attr Name="UsedIn" Val="implementation"/>
        <Attr Name="UsedIn" Val="simulation"/>
      </FileInfo>
    </File>
    <File Path="$PSRCDIR/sources_1/imports/new/DataPath.sv">
      <FileInfo>
        <Attr Name="ImportPath" Val="$PPRDIR/../0531_RISC_V_TEST/0531_RISC_V_TEST.srcs/sources_1/imports/new/DataPath.sv"/>
        <Attr Name="ImportTime" Val="1717378519"/>
        <Attr Name="UsedIn" Val="synthesis"/>
        <Attr Name="UsedIn" Val="implementation"/>
        <Attr Name="UsedIn" Val="simulation"/>
      </FileInfo>
    </File>
    <File Path="$PSRCDIR/sources_1/new/GPO.sv">
      <FileInfo>
        <Attr Name="UsedIn" Val="synthesis"/>
        <Attr Name="UsedIn" Val="implementation"/>
        <Attr Name="UsedIn" Val="simulation"/>
      </FileInfo>
    </File>
    <File Path="$PSRCDIR/sources_1/imports/new/InstructionMemory.sv">
      <FileInfo>
        <Attr Name="ImportPath" Val="$PPRDIR/../0531_RISC_V_TEST/0531_RISC_V_TEST.srcs/sources_1/imports/new/InstructionMemory.sv"/>
        <Attr Name="ImportTime" Val="1717380532"/>
        <Attr Name="UsedIn" Val="synthesis"/>
        <Attr Name="UsedIn" Val="implementation"/>
        <Attr Name="UsedIn" Val="simulation"/>
      </FileInfo>
    </File>
    <File Path="$PSRCDIR/sources_1/imports/new/RV32I.sv">
      <FileInfo>
        <Attr Name="ImportPath" Val="$PPRDIR/../0531_RISC_V_TEST/0531_RISC_V_TEST.srcs/sources_1/imports/new/RV32I.sv"/>
        <Attr Name="ImportTime" Val="1717376981"/>
        <Attr Name="UsedIn" Val="synthesis"/>
        <Attr Name="UsedIn" Val="implementation"/>
        <Attr Name="UsedIn" Val="simulation"/>
      </FileInfo>
    </File>
    <Config>
      <Option Name="DesignMode" Val="RTL"/>
      <Option Name="TopModule" Val="RV32I"/>
      <Option Name="TopAutoSet" Val="TRUE"/>
    </Config>
  </FileSet>
  <FileSet Name="constrs_in" Type="Constrs" RelSrcDir="$PSRCDIR/constrs_1">
    <Filter Type="Constrs"/>
    <File Path="$PSRCDIR/constrs_1/imports/FPGA_KImMinJi/MY_Basys-3-Master.xdc">
      <FileInfo>
        <Attr Name="ImportPath" Val="$PPRDIR/../MY_Basys-3-Master.xdc"/>
        <Attr Name="ImportTime" Val="1715135025"/>
        <Attr Name="UsedIn" Val="synthesis"/>
        <Attr Name="UsedIn" Val="implementation"/>
      </FileInfo>
    </File>
    <Config>
      <Option Name="ConstrsType" Val="XDC"/>
    </Config>
  </FileSet>
  <FileSet Name="utils" Type="Utils" RelSrcDir="$PSRCDIR/utils_1">
    <Filter Type="Utils"/>
    <Config>
      <Option Name="TopAutoSet" Val="TRUE"/>
    </Config>
  </FileSet>
  <Strategy Version="1" Minor="2">
    <StratHandle Name="Vivado Implementation Defaults" Flow="Vivado Implementation 2020">
      <Desc>Default settings for Implementation.</Desc>
    </StratHandle>
    <Step Id="init_design"/>
    <Step Id="opt_design"/>
    <Step Id="power_opt_design"/>
    <Step Id="place_design"/>
    <Step Id="post_place_power_opt_design"/>
    <Step Id="phys_opt_design"/>
    <Step Id="route_design"/>
    <Step Id="post_route_phys_opt_design"/>
    <Step Id="write_bitstream"/>
  </Strategy>
</GenRun>
